{
  "primaria": {
    "n": 2587,
    "feats": 328,
    "dist": {
      "Biden": 1628,
      "Bloomberg": 52,
      "Buttigieg": 88,
      "Klobuchar": 56,
      "Sanders": 482,
      "Warren": 173,
      "Otro": 108
    },
    "acc": 0.6970633693972179,
    "acc_std": 0.01092900743719548,
    "f1": 0.23402339620380355,
    "maj": 0.6293003478933127,
    "recall": {
      "Biden": 0.9287469287469288,
      "Bloomberg": 0.0,
      "Buttigieg": 0.0,
      "Klobuchar": 0.0,
      "Sanders": 0.5454545454545454,
      "Warren": 0.06976744186046512,
      "Otro": 0.2222222222222222
    }
  },
  "general": {
    "n": 4533,
    "feats": 340,
    "dist": {
      "Trump": 1801,
      "Biden": 2561,
      "Otro": 171
    },
    "acc": 0.9347442680776015,
    "acc_std": 0.004355939694965961,
    "f1": 0.6759732593953465,
    "maj": 0.5649680123538495,
    "recall": {
      "Trump": 0.9555555555555556,
      "Biden": 0.9812792511700468,
      "Otro": 0.06976744186046512
    }
  }
}