{
  "voto_bin": {
    "label": "Voto (Trump vs Biden)",
    "n": 4362,
    "acc": 0.7268560953253896,
    "acc_std": 0.011374586293300522,
    "f1": 0.7145293358866498,
    "clases": 2
  },
  "pid_bin": {
    "label": "Partidismo (Dem vs Rep)",
    "n": 5097,
    "acc": 0.7182745098039216,
    "acc_std": 0.013479247723257018,
    "f1": 0.7140418866705837,
    "clases": 2
  },
  "pid_3": {
    "label": "Partidismo (Dem/Indep/Rep)",
    "n": 5743,
    "acc": 0.6409470752089137,
    "acc_std": 0.013384973567391588,
    "f1": 0.4899260277374914,
    "clases": 3
  },
  "feats": 41
}