{
  "full": {
    "nombre": "FULL pre-eleccion (techo alto ~0.97)",
    "n_train": 2617,
    "n_val": 872,
    "n_test": 873,
    "acc_def": 0.9644902634593356,
    "acc_tun": 0.9656357388316151,
    "f1_tun": 0.9644567129177253,
    "val_acc": 0.9770642201834863,
    "params": {
      "max_depth": 2,
      "learning_rate": 0.1,
      "min_child_weight": 1,
      "subsample": 0.8,
      "colsample_bytree": 0.6,
      "reg_lambda": 2.0,
      "reg_alpha": 1.0,
      "n_estimators": 114
    }
  },
  "demo": {
    "nombre": "Demografia+redes (techo bajo ~0.72)",
    "n_train": 2617,
    "n_val": 872,
    "n_test": 873,
    "acc_def": 0.7262313860252004,
    "acc_tun": 0.7285223367697594,
    "f1_tun": 0.7170209244850256,
    "val_acc": 0.731651376146789,
    "params": {
      "max_depth": 2,
      "learning_rate": 0.1,
      "min_child_weight": 5,
      "subsample": 0.6,
      "colsample_bytree": 0.6,
      "reg_lambda": 5.0,
      "reg_alpha": 0.0,
      "n_estimators": 185
    }
  },
  "n_iter": 40,
  "espacio": {
    "max_depth": [
      2,
      3,
      4,
      6,
      8
    ],
    "learning_rate": [
      0.01,
      0.03,
      0.05,
      0.1
    ],
    "min_child_weight": [
      1,
      3,
      5,
      10
    ],
    "subsample": [
      0.6,
      0.8,
      1.0
    ],
    "colsample_bytree": [
      0.6,
      0.8,
      1.0
    ],
    "reg_lambda": [
      0.0,
      1.0,
      2.0,
      5.0
    ],
    "reg_alpha": [
      0.0,
      0.5,
      1.0
    ]
  }
}